[
{"nom":"26","itineraire":["Beravina", "REX", "Anjoma"]},
{"nom":"29","itineraire":["Ankofafa", "Antarandolo", "Tambohobe", "Ampasambazaha", "Stade", "Anjoma", "Tanana Ambony"]},
{"nom":"22","itineraire":["Ambozontany", "Anjoma", "Antarandolo", "Travaux Publics", "Croisement Parc", "Ampopoka"]},
{"nom":"23","itineraire":["Ankofafa", "Don Bosco", "REX", "Anjoma"]},
{"nom":"21","itineraire":["Mahazengy", "Anjoma", "Travaux Publics", "Ambodirano"]},
{"nom":"34","itineraire":["Sahalava", "Antarandolo", "Anjoma", "Ankidona", "Ankazobe"]},
{"nom":"33","itineraire":["Anjoma", "Lapan'ny Tanana", "REX", "Bateravola", "Talatamaty", "Ankofafa"]}
]
