[
{"nom":"67 Ha"},
{"nom":"Alarobia"},
{"nom":"Alasora"},
{"nom":"Ambanidia"},
{"nom":"Ambatobe"},
{"nom":"Ambatolampy"},
{"nom":"Ambatomainty"},
{"nom":"Ambatomaro"},
{"nom":"Ambatomena"},
{"nom":"Ambatomitsangana"},
{"nom":"Ambatonakanga"},
{"nom":"Ambatoroka"},
{"nom":"Ambavahadimitafo"},
{"nom":"Ambodifilao"},
{"nom":"Ambodimita"},
{"nom":"Amboditanimena"},
{"nom":"Amboditsiry"},
{"nom":"Ambodivona"},
{"nom":"Ambohibao"},
{"nom":"Ambohibary"},
{"nom":"Ambohidahy"},
{"nom":"Ambohidroa"},
{"nom":"Ambohijanahary"},
{"nom":"Ambohijatovo"},
{"nom":"Ambohijatovo Ambony"},
{"nom":"Ambohimahitsy"},
{"nom":"Ambohimamory"},
{"nom":"Ambohimanarina"},
{"nom":"Ambohimiandra"},
{"nom":"Ambohimitsimbina"},
{"nom":"Ambohipo"},
{"nom":"Ambohipotsy"},
{"nom":"Ambohitrakely"},
{"nom":"Ambohitrarahaba"},
{"nom":"Ambohitsiroa"},
{"nom":"Ambohitsoa"},
{"nom":"Ambolokandrina"},
{"nom":"Ambondrona"},
{"nom":"Ambonisoa"},
{"nom":"Ampahateza"},
{"nom":"Ampahibe"},
{"nom":"Ampamantanana"},
{"nom":"Ampandrana"},
{"nom":"Amparibe"},
{"nom":"Ampasamadinika"},
{"nom":"Ampasapito"},
{"nom":"Ampasika"},
{"nom":"Ampefiloha"},
{"nom":"Ampitatafika"},
{"nom":"Analakely"},
{"nom":"Analamahitsy"},
{"nom":"Andafiavaratra"},
{"nom":"Andavamamba"},
{"nom":"Andohalo"},
{"nom":"Andohamandry"},
{"nom":"Andohatapenaka"},
{"nom":"Andraharo"},
{"nom":"Andrainarivo"},
{"nom":"Andraisoro"},
{"nom":"Andranobevava"},
{"nom":"Andranomena"},
{"nom":"Andranonahoatra"},
{"nom":"Andravoahangy"},
{"nom":"Andrefan' Ambohijanahary"},
{"nom":"Androhibe"},
{"nom":"Androndra"},
{"nom":"Anjahana"},
{"nom":"Anjanahary"},
{"nom":"Ankadidramamy"},
{"nom":"Ankadidratombo"},
{"nom":"Ankadifotsy"},
{"nom":"Ankadikely Ilafy"},
{"nom":"Ankadimbahoaka"},
{"nom":"Ankadinandriana"},
{"nom":"Ankaditapaka"},
{"nom":"Ankadivato"},
{"nom":"Ankasina"},
{"nom":"Ankatso"},
{"nom":"Ankazomanga"},
{"nom":"Ankazotokana"},
{"nom":"Ankorahotra"},
{"nom":"Ankorondrano"},
{"nom":"Anosibe"},
{"nom":"Anosimasina"},
{"nom":"Anosipatrana"},
{"nom":"Anosisoa"},
{"nom":"Anosivavaka"},
{"nom":"Anosizato"},
{"nom":"Anosy"},
{"nom":"Antanandrano"},
{"nom":"Antanikatsaka"},
{"nom":"Antanimena"},
{"nom":"Antanimora"},
{"nom":"Antaninandro"},
{"nom":"Antohomadinika"},
{"nom":"Antsahabe"},
{"nom":"Antsahavola"},
{"nom":"Antsakaviro"},
{"nom":"Antsonjobe"},
{"nom":"Avarabohitra"},
{"nom":"Avaradoha"},
{"nom":"Behoririka"},
{"nom":"Bel'air"},
{"nom":"Bemasoandro"},
{"nom":"Besarety"},
{"nom":"Betongolo"},
{"nom":"By Pass"},
{"nom":"CENAM"},
{"nom":"Digue"},
{"nom":"Faravohitra"},
{"nom":"Faravohitra Ambony"},
{"nom":"Fasan'ny Karana"},
{"nom":"Fenomanana"},
{"nom":"Hazoberavina"},
{"nom":"Iavoloha"},
{"nom":"Isoraka"},
{"nom":"Isotry"},
{"nom":"Itaosy"},
{"nom":"Ivandry"},
{"nom":"Mahafaka"},
{"nom":"Mahamasina"},
{"nom":"Mahatony"},
{"nom":"Mahazo"},
{"nom":"Mahazoarivo"},
{"nom":"Manakambahiny"},
{"nom":"Mandroseza"},
{"nom":"Manjakamiadana"},
{"nom":"Manjakaray"},
{"nom":"Marohoho"},
{"nom":"Mascar"},
{"nom":"Mausolee"},
{"nom":"Meteo"},
{"nom":"Miandrarivo"},
{"nom":"Namontana"},
{"nom":"Nanisana"},
{"nom":"Petite Vitesse"},
{"nom":"Pullman"},
{"nom":"Rasalama"},
{"nom":"Ravitoto"},
{"nom":"Route 153"},
{"nom":"Route Circulaire"},
{"nom":"Saropody"},
{"nom":"SHALIMAR"},
{"nom":"SICAM Ambatomena"},
{"nom":"Soamanandrariny"},
{"nom":"Soanierana"},
{"nom":"Soarano"},
{"nom":"Soavimasoandro"},
{"nom":"Soavimbahoaka"},
{"nom":"Soavinandriana"},
{"nom":"Tanjombato"},
{"nom":"Tsarafaritra Tsimbazaza"},
{"nom":"Tsarahonenana"},
{"nom":"Tsaralalana"},
{"nom":"Tsaramasay"},
{"nom":"Tsarasaotra"},
{"nom":"Tsiadana"},
{"nom":"Tsiazotafo"},
{"nom":"Tsimbazaza"},
{"nom":"Vasakosy"}
]
