[
{"nom":"Beravina"},
{"nom":"REX"},
{"nom":"Anjoma"},
{"nom":"Ankofafa"},
{"nom":"Antarandolo"},
{"nom":"Tambohobe"},
{"nom":"Ampasambazaha"},
{"nom":"Stade"},
{"nom":"Tanana Ambony"},
{"nom":"Ambozontany"},
{"nom":"Travaux Antarandolo"},
{"nom":"Croisement Parc"},
{"nom":"Ampopoka"},
{"nom":"Don Bosco"},
{"nom":"Mahazengy"},
{"nom":"Ambodirano"},
{"nom":"Sahalava"},
{"nom":"Ankidona"},
{"nom":"Ankazobe"},
{"nom":"Lapan'ny Tanana"},
{"nom":"Bateravola"},
{"nom":"Talatamaty"}
]
